{
    "$schema": "https://schema.management.azure.com/schemas/2015-01-01/deploymentParameters.json#",
    "contentVersion": "1.0.0.0",
    "parameters": {
        "actionGroups_alerta_name": {
            "value": null
        },
        "virtualMachines_srvxitao_name": {
            "value": null
        },
        "activitylogalerts_regra_name": {
            "value": null
        },
        "virtualNetworks_vnet_eastus_name": {
            "value": null
        },
        "storageAccounts_storageddff_name": {
            "value": null
        },
        "publicIPAddresses_srvxitao_ip_name": {
            "value": null
        },
        "networkInterfaces_srvxitao814_z1_name": {
            "value": null
        },
        "networkSecurityGroups_srvxitao_nsg_name": {
            "value": null
        },
        "schedules_shutdown_computevm_srvxitao_name": {
            "value": null
        }
    }
}