{
    "$schema": "https://schema.management.azure.com/schemas/2015-01-01/deploymentParameters.json#",
    "contentVersion": "1.0.0.0",
    "parameters": {
        "disks_disco02_name": {
            "value": null
        },
        "virtualMachines_srvxitao_name": {
            "value": null
        },
        "virtualNetworks_vnet_westus_name": {
            "value": null
        },
        "networkInterfaces_srvxitao940_name": {
            "value": null
        },
        "publicIPAddresses_srvxitao_ip_name": {
            "value": null
        },
        "virtualNetworks_srvxitao_vnet_name": {
            "value": null
        },
        "networkSecurityGroups_srvxitao_nsg_name": {
            "value": null
        },
        "networkSecurityGroups_basicNsgvnet_westus_nic01_name": {
            "value": null
        }
    }
}