{
    "$schema": "https://schema.management.azure.com/schemas/2015-01-01/deploymentParameters.json#",
    "contentVersion": "1.0.0.0",
    "parameters": {
        "disks_disco02_name": {
            "value": null
        },
        "virtualNetworks_vnet_westus_name": {
            "value": null
        },
        "storageAccounts_storagexitao_name": {
            "value": null
        },
        "networkInterfaces_srvxitao940_name": {
            "value": null
        },
        "publicIPAddresses_srvxitao_ip_name": {
            "value": null
        },
        "virtualNetworks_srvxitao_vnet_name": {
            "value": null
        },
        "virtualNetworks_vnet_westus_1_name": {
            "value": null
        },
        "loadBalancers_balanceamentocarga_name": {
            "value": null
        },
        "networkSecurityGroups_srvxitao_nsg_name": {
            "value": null
        },
        "virtualMachineScaleSets_conjuntovms_name": {
            "value": null
        },
        "virtualMachines_conjuntovms_4866c1fd_name": {
            "value": null
        },
        "virtualMachines_conjuntovms_6756739b_name": {
            "value": null
        },
        "networkInterfaces_vnet_westus_1_nic01_3954bbfe_name": {
            "value": null
        },
        "networkInterfaces_vnet_westus_1_nic01_8818fe2e_name": {
            "value": null
        },
        "networkSecurityGroups_basicNsgvnet_westus_nic01_name": {
            "value": null
        },
        "networkSecurityGroups_basicNsgvnet_westus_1_nic01_name": {
            "value": null
        },
        "publicIPAddresses_publicIp_vnet_westus_1_nic01_3954bbfe_name": {
            "value": null
        },
        "publicIPAddresses_publicIp_vnet_westus_1_nic01_8818fe2e_name": {
            "value": null
        }
    }
}