{
    "$schema": "https://schema.management.azure.com/schemas/2019-04-01/deploymentTemplate.json#",
    "contentVersion": "1.0.0.0",
    "parameters": {
        "disks_disco02_name": {
            "defaultValue": "disco02",
            "type": "String"
        },
        "virtualMachines_srvxitao_name": {
            "defaultValue": "srvxitao",
            "type": "String"
        },
        "virtualNetworks_vnet_westus_name": {
            "defaultValue": "vnet-westus",
            "type": "String"
        },
        "networkInterfaces_srvxitao940_name": {
            "defaultValue": "srvxitao940",
            "type": "String"
        },
        "publicIPAddresses_srvxitao_ip_name": {
            "defaultValue": "srvxitao-ip",
            "type": "String"
        },
        "virtualNetworks_srvxitao_vnet_name": {
            "defaultValue": "srvxitao-vnet",
            "type": "String"
        },
        "networkSecurityGroups_srvxitao_nsg_name": {
            "defaultValue": "srvxitao-nsg",
            "type": "String"
        },
        "networkSecurityGroups_basicNsgvnet_westus_nic01_name": {
            "defaultValue": "basicNsgvnet-westus-nic01",
            "type": "String"
        }
    },
    "variables": {},
    "resources": [
        {
            "type": "Microsoft.Compute/disks",
            "apiVersion": "2025-01-02",
            "name": "[parameters('disks_disco02_name')]",
            "location": "westus",
            "sku": {
                "name": "Standard_LRS",
                "tier": "Standard"
            },
            "properties": {
                "creationData": {
                    "createOption": "Empty"
                },
                "diskSizeGB": 32,
                "diskIOPSReadWrite": 500,
                "diskMBpsReadWrite": 60,
                "encryption": {
                    "type": "EncryptionAtRestWithPlatformKey"
                },
                "networkAccessPolicy": "AllowAll",
                "publicNetworkAccess": "Enabled"
            }
        },
        {
            "type": "Microsoft.Network/networkSecurityGroups",
            "apiVersion": "2024-07-01",
            "name": "[parameters('networkSecurityGroups_basicNsgvnet_westus_nic01_name')]",
            "location": "westus",
            "tags": {
                "vmss": "1"
            },
            "properties": {
                "securityRules": []
            }
        },
        {
            "type": "Microsoft.Network/networkSecurityGroups",
            "apiVersion": "2024-07-01",
            "name": "[parameters('networkSecurityGroups_srvxitao_nsg_name')]",
            "location": "westus",
            "properties": {
                "securityRules": [
                    {
                        "name": "RDP",
                        "id": "[resourceId('Microsoft.Network/networkSecurityGroups/securityRules', parameters('networkSecurityGroups_srvxitao_nsg_name'), 'RDP')]",
                        "type": "Microsoft.Network/networkSecurityGroups/securityRules",
                        "properties": {
                            "protocol": "TCP",
                            "sourcePortRange": "*",
                            "destinationPortRange": "3389",
                            "sourceAddressPrefix": "*",
                            "destinationAddressPrefix": "*",
                            "access": "Allow",
                            "priority": 300,
                            "direction": "Inbound",
                            "sourcePortRanges": [],
                            "destinationPortRanges": [],
                            "sourceAddressPrefixes": [],
                            "destinationAddressPrefixes": []
                        }
                    }
                ]
            }
        },
        {
            "type": "Microsoft.Network/publicIPAddresses",
            "apiVersion": "2024-07-01",
            "name": "[parameters('publicIPAddresses_srvxitao_ip_name')]",
            "location": "westus",
            "sku": {
                "name": "Standard",
                "tier": "Regional"
            },
            "properties": {
                "ipAddress": "52.159.235.182",
                "publicIPAddressVersion": "IPv4",
                "publicIPAllocationMethod": "Static",
                "idleTimeoutInMinutes": 4,
                "ipTags": []
            }
        },
        {
            "type": "Microsoft.Network/virtualNetworks",
            "apiVersion": "2024-07-01",
            "name": "[parameters('virtualNetworks_srvxitao_vnet_name')]",
            "location": "westus",
            "properties": {
                "addressSpace": {
                    "addressPrefixes": [
                        "10.0.0.0/16"
                    ]
                },
                "privateEndpointVNetPolicies": "Disabled",
                "subnets": [
                    {
                        "name": "default",
                        "id": "[resourceId('Microsoft.Network/virtualNetworks/subnets', parameters('virtualNetworks_srvxitao_vnet_name'), 'default')]",
                        "properties": {
                            "addressPrefix": "10.0.0.0/24",
                            "delegations": [],
                            "privateEndpointNetworkPolicies": "Disabled",
                            "privateLinkServiceNetworkPolicies": "Enabled"
                        },
                        "type": "Microsoft.Network/virtualNetworks/subnets"
                    }
                ],
                "virtualNetworkPeerings": [],
                "enableDdosProtection": false
            }
        },
        {
            "type": "Microsoft.Network/virtualNetworks",
            "apiVersion": "2024-07-01",
            "name": "[parameters('virtualNetworks_vnet_westus_name')]",
            "location": "westus",
            "tags": {
                "vmss": "1"
            },
            "properties": {
                "addressSpace": {
                    "addressPrefixes": [
                        "172.16.0.0/16"
                    ]
                },
                "privateEndpointVNetPolicies": "Disabled",
                "subnets": [
                    {
                        "name": "snet-westus-1",
                        "id": "[resourceId('Microsoft.Network/virtualNetworks/subnets', parameters('virtualNetworks_vnet_westus_name'), 'snet-westus-1')]",
                        "properties": {
                            "addressPrefixes": [
                                "172.16.0.0/24"
                            ],
                            "delegations": [],
                            "privateEndpointNetworkPolicies": "Disabled",
                            "privateLinkServiceNetworkPolicies": "Enabled"
                        },
                        "type": "Microsoft.Network/virtualNetworks/subnets"
                    }
                ],
                "virtualNetworkPeerings": [],
                "enableDdosProtection": false
            }
        },
        {
            "type": "Microsoft.Compute/virtualMachines",
            "apiVersion": "2024-11-01",
            "name": "[parameters('virtualMachines_srvxitao_name')]",
            "location": "westus",
            "dependsOn": [
                "[resourceId('Microsoft.Network/networkInterfaces', parameters('networkInterfaces_srvxitao940_name'))]"
            ],
            "properties": {
                "hardwareProfile": {
                    "vmSize": "Standard_DC1s_v2"
                },
                "additionalCapabilities": {
                    "hibernationEnabled": false
                },
                "storageProfile": {
                    "imageReference": {
                        "publisher": "MicrosoftWindowsServer",
                        "offer": "WindowsServer",
                        "sku": "2019-datacenter-gensecond",
                        "version": "latest"
                    },
                    "osDisk": {
                        "osType": "Windows",
                        "name": "[concat(parameters('virtualMachines_srvxitao_name'), '_OsDisk_1_f814ff2212b442f2b8bc9e4757250c7a')]",
                        "createOption": "FromImage",
                        "caching": "ReadWrite",
                        "managedDisk": {
                            "id": "[resourceId('Microsoft.Compute/disks', concat(parameters('virtualMachines_srvxitao_name'), '_OsDisk_1_f814ff2212b442f2b8bc9e4757250c7a'))]"
                        },
                        "deleteOption": "Delete"
                    },
                    "dataDisks": [],
                    "diskControllerType": "SCSI"
                },
                "osProfile": {
                    "computerName": "[parameters('virtualMachines_srvxitao_name')]",
                    "adminUsername": "administrador",
                    "windowsConfiguration": {
                        "provisionVMAgent": true,
                        "enableAutomaticUpdates": true,
                        "patchSettings": {
                            "patchMode": "AutomaticByOS",
                            "assessmentMode": "ImageDefault",
                            "enableHotpatching": false
                        }
                    },
                    "secrets": [],
                    "allowExtensionOperations": true,
                    "requireGuestProvisionSignal": true
                },
                "networkProfile": {
                    "networkInterfaces": [
                        {
                            "id": "[resourceId('Microsoft.Network/networkInterfaces', parameters('networkInterfaces_srvxitao940_name'))]",
                            "properties": {
                                "deleteOption": "Delete"
                            }
                        }
                    ]
                }
            }
        },
        {
            "type": "Microsoft.Network/networkSecurityGroups/securityRules",
            "apiVersion": "2024-07-01",
            "name": "[concat(parameters('networkSecurityGroups_srvxitao_nsg_name'), '/RDP')]",
            "dependsOn": [
                "[resourceId('Microsoft.Network/networkSecurityGroups', parameters('networkSecurityGroups_srvxitao_nsg_name'))]"
            ],
            "properties": {
                "protocol": "TCP",
                "sourcePortRange": "*",
                "destinationPortRange": "3389",
                "sourceAddressPrefix": "*",
                "destinationAddressPrefix": "*",
                "access": "Allow",
                "priority": 300,
                "direction": "Inbound",
                "sourcePortRanges": [],
                "destinationPortRanges": [],
                "sourceAddressPrefixes": [],
                "destinationAddressPrefixes": []
            }
        },
        {
            "type": "Microsoft.Network/virtualNetworks/subnets",
            "apiVersion": "2024-07-01",
            "name": "[concat(parameters('virtualNetworks_srvxitao_vnet_name'), '/default')]",
            "dependsOn": [
                "[resourceId('Microsoft.Network/virtualNetworks', parameters('virtualNetworks_srvxitao_vnet_name'))]"
            ],
            "properties": {
                "addressPrefix": "10.0.0.0/24",
                "delegations": [],
                "privateEndpointNetworkPolicies": "Disabled",
                "privateLinkServiceNetworkPolicies": "Enabled"
            }
        },
        {
            "type": "Microsoft.Network/virtualNetworks/subnets",
            "apiVersion": "2024-07-01",
            "name": "[concat(parameters('virtualNetworks_vnet_westus_name'), '/snet-westus-1')]",
            "dependsOn": [
                "[resourceId('Microsoft.Network/virtualNetworks', parameters('virtualNetworks_vnet_westus_name'))]"
            ],
            "properties": {
                "addressPrefixes": [
                    "172.16.0.0/24"
                ],
                "delegations": [],
                "privateEndpointNetworkPolicies": "Disabled",
                "privateLinkServiceNetworkPolicies": "Enabled"
            }
        },
        {
            "type": "Microsoft.Network/networkInterfaces",
            "apiVersion": "2024-07-01",
            "name": "[parameters('networkInterfaces_srvxitao940_name')]",
            "location": "westus",
            "dependsOn": [
                "[resourceId('Microsoft.Network/publicIPAddresses', parameters('publicIPAddresses_srvxitao_ip_name'))]",
                "[resourceId('Microsoft.Network/virtualNetworks/subnets', parameters('virtualNetworks_srvxitao_vnet_name'), 'default')]",
                "[resourceId('Microsoft.Network/networkSecurityGroups', parameters('networkSecurityGroups_srvxitao_nsg_name'))]"
            ],
            "kind": "Regular",
            "properties": {
                "ipConfigurations": [
                    {
                        "name": "ipconfig1",
                        "id": "[concat(resourceId('Microsoft.Network/networkInterfaces', parameters('networkInterfaces_srvxitao940_name')), '/ipConfigurations/ipconfig1')]",
                        "type": "Microsoft.Network/networkInterfaces/ipConfigurations",
                        "properties": {
                            "privateIPAddress": "10.0.0.4",
                            "privateIPAllocationMethod": "Dynamic",
                            "publicIPAddress": {
                                "id": "[resourceId('Microsoft.Network/publicIPAddresses', parameters('publicIPAddresses_srvxitao_ip_name'))]",
                                "properties": {
                                    "deleteOption": "Delete"
                                }
                            },
                            "subnet": {
                                "id": "[resourceId('Microsoft.Network/virtualNetworks/subnets', parameters('virtualNetworks_srvxitao_vnet_name'), 'default')]"
                            },
                            "primary": true,
                            "privateIPAddressVersion": "IPv4"
                        }
                    }
                ],
                "dnsSettings": {
                    "dnsServers": []
                },
                "enableIPForwarding": false,
                "disableTcpStateTracking": false,
                "networkSecurityGroup": {
                    "id": "[resourceId('Microsoft.Network/networkSecurityGroups', parameters('networkSecurityGroups_srvxitao_nsg_name'))]"
                },
                "nicType": "Standard",
                "auxiliaryMode": "None",
                "auxiliarySku": "None"
            }
        }
    ]
}