{
    "$schema": "https://schema.management.azure.com/schemas/2019-04-01/deploymentTemplate.json#",
    "contentVersion": "1.0.0.0",
    "parameters": {
        "disks_disco02_name": {
            "defaultValue": "disco02",
            "type": "String"
        },
        "virtualNetworks_vnet_westus_name": {
            "defaultValue": "vnet-westus",
            "type": "String"
        },
        "storageAccounts_storagexitao_name": {
            "defaultValue": "storagexitao",
            "type": "String"
        },
        "networkInterfaces_srvxitao940_name": {
            "defaultValue": "srvxitao940",
            "type": "String"
        },
        "publicIPAddresses_srvxitao_ip_name": {
            "defaultValue": "srvxitao-ip",
            "type": "String"
        },
        "virtualNetworks_srvxitao_vnet_name": {
            "defaultValue": "srvxitao-vnet",
            "type": "String"
        },
        "virtualNetworks_vnet_westus_1_name": {
            "defaultValue": "vnet-westus-1",
            "type": "String"
        },
        "loadBalancers_balanceamentocarga_name": {
            "defaultValue": "balanceamentocarga",
            "type": "String"
        },
        "networkSecurityGroups_srvxitao_nsg_name": {
            "defaultValue": "srvxitao-nsg",
            "type": "String"
        },
        "virtualMachineScaleSets_conjuntovms_name": {
            "defaultValue": "conjuntovms",
            "type": "String"
        },
        "virtualMachines_conjuntovms_4866c1fd_name": {
            "defaultValue": "conjuntovms_4866c1fd",
            "type": "String"
        },
        "virtualMachines_conjuntovms_6756739b_name": {
            "defaultValue": "conjuntovms_6756739b",
            "type": "String"
        },
        "networkInterfaces_vnet_westus_1_nic01_3954bbfe_name": {
            "defaultValue": "vnet-westus-1-nic01-3954bbfe",
            "type": "String"
        },
        "networkInterfaces_vnet_westus_1_nic01_8818fe2e_name": {
            "defaultValue": "vnet-westus-1-nic01-8818fe2e",
            "type": "String"
        },
        "networkSecurityGroups_basicNsgvnet_westus_nic01_name": {
            "defaultValue": "basicNsgvnet-westus-nic01",
            "type": "String"
        },
        "networkSecurityGroups_basicNsgvnet_westus_1_nic01_name": {
            "defaultValue": "basicNsgvnet-westus-1-nic01",
            "type": "String"
        },
        "publicIPAddresses_publicIp_vnet_westus_1_nic01_3954bbfe_name": {
            "defaultValue": "publicIp-vnet-westus-1-nic01-3954bbfe",
            "type": "String"
        },
        "publicIPAddresses_publicIp_vnet_westus_1_nic01_8818fe2e_name": {
            "defaultValue": "publicIp-vnet-westus-1-nic01-8818fe2e",
            "type": "String"
        }
    },
    "variables": {},
    "resources": [
        {
            "type": "Microsoft.Compute/disks",
            "apiVersion": "2025-01-02",
            "name": "[parameters('disks_disco02_name')]",
            "location": "westus",
            "sku": {
                "name": "Standard_LRS",
                "tier": "Standard"
            },
            "properties": {
                "creationData": {
                    "createOption": "Empty"
                },
                "diskSizeGB": 32,
                "diskIOPSReadWrite": 500,
                "diskMBpsReadWrite": 60,
                "encryption": {
                    "type": "EncryptionAtRestWithPlatformKey"
                },
                "networkAccessPolicy": "AllowAll",
                "publicNetworkAccess": "Enabled"
            }
        },
        {
            "type": "Microsoft.Network/networkSecurityGroups",
            "apiVersion": "2024-07-01",
            "name": "[parameters('networkSecurityGroups_basicNsgvnet_westus_1_nic01_name')]",
            "location": "westus",
            "properties": {
                "securityRules": []
            }
        },
        {
            "type": "Microsoft.Network/networkSecurityGroups",
            "apiVersion": "2024-07-01",
            "name": "[parameters('networkSecurityGroups_basicNsgvnet_westus_nic01_name')]",
            "location": "westus",
            "tags": {
                "vmss": "1"
            },
            "properties": {
                "securityRules": []
            }
        },
        {
            "type": "Microsoft.Network/networkSecurityGroups",
            "apiVersion": "2024-07-01",
            "name": "[parameters('networkSecurityGroups_srvxitao_nsg_name')]",
            "location": "westus",
            "properties": {
                "securityRules": [
                    {
                        "name": "RDP",
                        "id": "[resourceId('Microsoft.Network/networkSecurityGroups/securityRules', parameters('networkSecurityGroups_srvxitao_nsg_name'), 'RDP')]",
                        "type": "Microsoft.Network/networkSecurityGroups/securityRules",
                        "properties": {
                            "protocol": "TCP",
                            "sourcePortRange": "*",
                            "destinationPortRange": "3389",
                            "sourceAddressPrefix": "*",
                            "destinationAddressPrefix": "*",
                            "access": "Allow",
                            "priority": 300,
                            "direction": "Inbound",
                            "sourcePortRanges": [],
                            "destinationPortRanges": [],
                            "sourceAddressPrefixes": [],
                            "destinationAddressPrefixes": []
                        }
                    }
                ]
            }
        },
        {
            "type": "Microsoft.Network/publicIPAddresses",
            "apiVersion": "2024-07-01",
            "name": "[parameters('publicIPAddresses_publicIp_vnet_westus_1_nic01_3954bbfe_name')]",
            "location": "westus",
            "sku": {
                "name": "Standard",
                "tier": "Regional"
            },
            "properties": {
                "ipAddress": "20.228.106.41",
                "publicIPAddressVersion": "IPv4",
                "publicIPAllocationMethod": "Static",
                "idleTimeoutInMinutes": 15,
                "ipTags": []
            }
        },
        {
            "type": "Microsoft.Network/publicIPAddresses",
            "apiVersion": "2024-07-01",
            "name": "[parameters('publicIPAddresses_publicIp_vnet_westus_1_nic01_8818fe2e_name')]",
            "location": "westus",
            "sku": {
                "name": "Standard",
                "tier": "Regional"
            },
            "properties": {
                "ipAddress": "20.245.82.210",
                "publicIPAddressVersion": "IPv4",
                "publicIPAllocationMethod": "Static",
                "idleTimeoutInMinutes": 15,
                "ipTags": []
            }
        },
        {
            "type": "Microsoft.Network/publicIPAddresses",
            "apiVersion": "2024-07-01",
            "name": "[parameters('publicIPAddresses_srvxitao_ip_name')]",
            "location": "westus",
            "sku": {
                "name": "Standard",
                "tier": "Regional"
            },
            "properties": {
                "ipAddress": "20.253.185.18",
                "publicIPAddressVersion": "IPv4",
                "publicIPAllocationMethod": "Static",
                "idleTimeoutInMinutes": 4,
                "ipTags": [],
                "ddosSettings": {
                    "protectionMode": "VirtualNetworkInherited"
                }
            }
        },
        {
            "type": "Microsoft.Network/virtualNetworks",
            "apiVersion": "2024-07-01",
            "name": "[parameters('virtualNetworks_vnet_westus_1_name')]",
            "location": "westus",
            "properties": {
                "addressSpace": {
                    "addressPrefixes": [
                        "172.17.0.0/16"
                    ]
                },
                "privateEndpointVNetPolicies": "Disabled",
                "subnets": [
                    {
                        "name": "snet-westus-1",
                        "id": "[resourceId('Microsoft.Network/virtualNetworks/subnets', parameters('virtualNetworks_vnet_westus_1_name'), 'snet-westus-1')]",
                        "properties": {
                            "addressPrefixes": [
                                "172.17.0.0/24"
                            ],
                            "delegations": [],
                            "privateEndpointNetworkPolicies": "Disabled",
                            "privateLinkServiceNetworkPolicies": "Enabled"
                        },
                        "type": "Microsoft.Network/virtualNetworks/subnets"
                    }
                ],
                "virtualNetworkPeerings": [],
                "enableDdosProtection": false
            }
        },
        {
            "type": "Microsoft.Storage/storageAccounts",
            "apiVersion": "2025-01-01",
            "name": "[parameters('storageAccounts_storagexitao_name')]",
            "location": "westus",
            "sku": {
                "name": "Standard_LRS",
                "tier": "Standard"
            },
            "kind": "StorageV2",
            "properties": {
                "dnsEndpointType": "Standard",
                "defaultToOAuthAuthentication": false,
                "publicNetworkAccess": "Enabled",
                "allowCrossTenantReplication": false,
                "minimumTlsVersion": "TLS1_2",
                "allowBlobPublicAccess": false,
                "allowSharedKeyAccess": true,
                "largeFileSharesState": "Enabled",
                "networkAcls": {
                    "bypass": "AzureServices",
                    "virtualNetworkRules": [],
                    "ipRules": [],
                    "defaultAction": "Allow"
                },
                "supportsHttpsTrafficOnly": true,
                "encryption": {
                    "requireInfrastructureEncryption": false,
                    "services": {
                        "file": {
                            "keyType": "Account",
                            "enabled": true
                        },
                        "blob": {
                            "keyType": "Account",
                            "enabled": true
                        }
                    },
                    "keySource": "Microsoft.Storage"
                },
                "accessTier": "Hot"
            }
        },
        {
            "type": "Microsoft.Compute/virtualMachineScaleSets/virtualMachines",
            "apiVersion": "2024-11-01",
            "name": "[concat(parameters('virtualMachineScaleSets_conjuntovms_name'), '/', parameters('virtualMachineScaleSets_conjuntovms_name'), '_4866c1fd')]",
            "location": "westus",
            "dependsOn": [
                "[resourceId('Microsoft.Compute/virtualMachineScaleSets', parameters('virtualMachineScaleSets_conjuntovms_name'))]"
            ]
        },
        {
            "type": "Microsoft.Compute/virtualMachineScaleSets/virtualMachines",
            "apiVersion": "2024-11-01",
            "name": "[concat(parameters('virtualMachineScaleSets_conjuntovms_name'), '/', parameters('virtualMachineScaleSets_conjuntovms_name'), '_6756739b')]",
            "location": "westus",
            "dependsOn": [
                "[resourceId('Microsoft.Compute/virtualMachineScaleSets', parameters('virtualMachineScaleSets_conjuntovms_name'))]"
            ]
        },
        {
            "type": "Microsoft.Network/loadBalancers",
            "apiVersion": "2024-07-01",
            "name": "[parameters('loadBalancers_balanceamentocarga_name')]",
            "location": "westus",
            "dependsOn": [
                "[resourceId('Microsoft.Network/virtualNetworks/subnets', parameters('virtualNetworks_vnet_westus_name'), 'snet-westus-1')]"
            ],
            "tags": {
                "balanceamentocarga": "1"
            },
            "sku": {
                "name": "Standard",
                "tier": "Regional"
            },
            "properties": {
                "frontendIPConfigurations": [
                    {
                        "name": "ipfront",
                        "id": "[concat(resourceId('Microsoft.Network/loadBalancers', parameters('loadBalancers_balanceamentocarga_name')), '/frontendIPConfigurations/ipfront')]",
                        "properties": {
                            "privateIPAddress": "172.16.0.4",
                            "privateIPAllocationMethod": "Dynamic",
                            "subnet": {
                                "id": "[resourceId('Microsoft.Network/virtualNetworks/subnets', parameters('virtualNetworks_vnet_westus_name'), 'snet-westus-1')]"
                            },
                            "privateIPAddressVersion": "IPv4"
                        }
                    }
                ],
                "backendAddressPools": [
                    {
                        "name": "poolbk",
                        "id": "[resourceId('Microsoft.Network/loadBalancers/backendAddressPools', parameters('loadBalancers_balanceamentocarga_name'), 'poolbk')]",
                        "properties": {
                            "loadBalancerBackendAddresses": []
                        }
                    }
                ],
                "loadBalancingRules": [],
                "probes": [],
                "inboundNatRules": [],
                "outboundRules": [],
                "inboundNatPools": []
            }
        },
        {
            "type": "Microsoft.Network/loadBalancers/backendAddressPools",
            "apiVersion": "2024-07-01",
            "name": "[concat(parameters('loadBalancers_balanceamentocarga_name'), '/poolbk')]",
            "dependsOn": [
                "[resourceId('Microsoft.Network/loadBalancers', parameters('loadBalancers_balanceamentocarga_name'))]"
            ],
            "properties": {
                "loadBalancerBackendAddresses": []
            }
        },
        {
            "type": "Microsoft.Network/networkSecurityGroups/securityRules",
            "apiVersion": "2024-07-01",
            "name": "[concat(parameters('networkSecurityGroups_srvxitao_nsg_name'), '/RDP')]",
            "dependsOn": [
                "[resourceId('Microsoft.Network/networkSecurityGroups', parameters('networkSecurityGroups_srvxitao_nsg_name'))]"
            ],
            "properties": {
                "protocol": "TCP",
                "sourcePortRange": "*",
                "destinationPortRange": "3389",
                "sourceAddressPrefix": "*",
                "destinationAddressPrefix": "*",
                "access": "Allow",
                "priority": 300,
                "direction": "Inbound",
                "sourcePortRanges": [],
                "destinationPortRanges": [],
                "sourceAddressPrefixes": [],
                "destinationAddressPrefixes": []
            }
        },
        {
            "type": "Microsoft.Network/virtualNetworks",
            "apiVersion": "2024-07-01",
            "name": "[parameters('virtualNetworks_srvxitao_vnet_name')]",
            "location": "westus",
            "dependsOn": [
                "[resourceId('Microsoft.Network/virtualNetworks', parameters('virtualNetworks_vnet_westus_name'))]"
            ],
            "properties": {
                "addressSpace": {
                    "addressPrefixes": [
                        "10.0.0.0/16"
                    ]
                },
                "privateEndpointVNetPolicies": "Disabled",
                "subnets": [
                    {
                        "name": "default",
                        "id": "[resourceId('Microsoft.Network/virtualNetworks/subnets', parameters('virtualNetworks_srvxitao_vnet_name'), 'default')]",
                        "properties": {
                            "addressPrefix": "10.0.0.0/24",
                            "delegations": [],
                            "privateEndpointNetworkPolicies": "Disabled",
                            "privateLinkServiceNetworkPolicies": "Enabled"
                        },
                        "type": "Microsoft.Network/virtualNetworks/subnets"
                    }
                ],
                "virtualNetworkPeerings": [
                    {
                        "name": "link",
                        "id": "[resourceId('Microsoft.Network/virtualNetworks/virtualNetworkPeerings', parameters('virtualNetworks_srvxitao_vnet_name'), 'link')]",
                        "properties": {
                            "peeringState": "Connected",
                            "peeringSyncLevel": "FullyInSync",
                            "remoteVirtualNetwork": {
                                "id": "[resourceId('Microsoft.Network/virtualNetworks', parameters('virtualNetworks_vnet_westus_name'))]"
                            },
                            "allowVirtualNetworkAccess": true,
                            "allowForwardedTraffic": false,
                            "allowGatewayTransit": false,
                            "useRemoteGateways": false,
                            "doNotVerifyRemoteGateways": false,
                            "peerCompleteVnets": true,
                            "remoteAddressSpace": {
                                "addressPrefixes": [
                                    "172.16.0.0/16"
                                ]
                            },
                            "remoteVirtualNetworkAddressSpace": {
                                "addressPrefixes": [
                                    "172.16.0.0/16"
                                ]
                            }
                        },
                        "type": "Microsoft.Network/virtualNetworks/virtualNetworkPeerings"
                    }
                ],
                "enableDdosProtection": false
            }
        },
        {
            "type": "Microsoft.Network/virtualNetworks",
            "apiVersion": "2024-07-01",
            "name": "[parameters('virtualNetworks_vnet_westus_name')]",
            "location": "westus",
            "dependsOn": [
                "[resourceId('Microsoft.Network/virtualNetworks', parameters('virtualNetworks_srvxitao_vnet_name'))]"
            ],
            "tags": {
                "vmss": "1"
            },
            "properties": {
                "addressSpace": {
                    "addressPrefixes": [
                        "172.16.0.0/16"
                    ]
                },
                "privateEndpointVNetPolicies": "Disabled",
                "subnets": [
                    {
                        "name": "snet-westus-1",
                        "id": "[resourceId('Microsoft.Network/virtualNetworks/subnets', parameters('virtualNetworks_vnet_westus_name'), 'snet-westus-1')]",
                        "properties": {
                            "addressPrefixes": [
                                "172.16.0.0/24"
                            ],
                            "delegations": [],
                            "privateEndpointNetworkPolicies": "Disabled",
                            "privateLinkServiceNetworkPolicies": "Enabled"
                        },
                        "type": "Microsoft.Network/virtualNetworks/subnets"
                    }
                ],
                "virtualNetworkPeerings": [
                    {
                        "name": "peeringvnet",
                        "id": "[resourceId('Microsoft.Network/virtualNetworks/virtualNetworkPeerings', parameters('virtualNetworks_vnet_westus_name'), 'peeringvnet')]",
                        "properties": {
                            "peeringState": "Connected",
                            "peeringSyncLevel": "FullyInSync",
                            "remoteVirtualNetwork": {
                                "id": "[resourceId('Microsoft.Network/virtualNetworks', parameters('virtualNetworks_srvxitao_vnet_name'))]"
                            },
                            "allowVirtualNetworkAccess": true,
                            "allowForwardedTraffic": true,
                            "allowGatewayTransit": false,
                            "useRemoteGateways": false,
                            "doNotVerifyRemoteGateways": false,
                            "peerCompleteVnets": true,
                            "remoteAddressSpace": {
                                "addressPrefixes": [
                                    "10.0.0.0/16"
                                ]
                            },
                            "remoteVirtualNetworkAddressSpace": {
                                "addressPrefixes": [
                                    "10.0.0.0/16"
                                ]
                            }
                        },
                        "type": "Microsoft.Network/virtualNetworks/virtualNetworkPeerings"
                    }
                ],
                "enableDdosProtection": false
            }
        },
        {
            "type": "Microsoft.Network/virtualNetworks/subnets",
            "apiVersion": "2024-07-01",
            "name": "[concat(parameters('virtualNetworks_srvxitao_vnet_name'), '/default')]",
            "dependsOn": [
                "[resourceId('Microsoft.Network/virtualNetworks', parameters('virtualNetworks_srvxitao_vnet_name'))]"
            ],
            "properties": {
                "addressPrefix": "10.0.0.0/24",
                "delegations": [],
                "privateEndpointNetworkPolicies": "Disabled",
                "privateLinkServiceNetworkPolicies": "Enabled"
            }
        },
        {
            "type": "Microsoft.Network/virtualNetworks/subnets",
            "apiVersion": "2024-07-01",
            "name": "[concat(parameters('virtualNetworks_vnet_westus_name'), '/snet-westus-1')]",
            "dependsOn": [
                "[resourceId('Microsoft.Network/virtualNetworks', parameters('virtualNetworks_vnet_westus_name'))]"
            ],
            "properties": {
                "addressPrefixes": [
                    "172.16.0.0/24"
                ],
                "delegations": [],
                "privateEndpointNetworkPolicies": "Disabled",
                "privateLinkServiceNetworkPolicies": "Enabled"
            }
        },
        {
            "type": "Microsoft.Network/virtualNetworks/subnets",
            "apiVersion": "2024-07-01",
            "name": "[concat(parameters('virtualNetworks_vnet_westus_1_name'), '/snet-westus-1')]",
            "dependsOn": [
                "[resourceId('Microsoft.Network/virtualNetworks', parameters('virtualNetworks_vnet_westus_1_name'))]"
            ],
            "properties": {
                "addressPrefixes": [
                    "172.17.0.0/24"
                ],
                "delegations": [],
                "privateEndpointNetworkPolicies": "Disabled",
                "privateLinkServiceNetworkPolicies": "Enabled"
            }
        },
        {
            "type": "Microsoft.Storage/storageAccounts/blobServices",
            "apiVersion": "2025-01-01",
            "name": "[concat(parameters('storageAccounts_storagexitao_name'), '/default')]",
            "dependsOn": [
                "[resourceId('Microsoft.Storage/storageAccounts', parameters('storageAccounts_storagexitao_name'))]"
            ],
            "sku": {
                "name": "Standard_LRS",
                "tier": "Standard"
            },
            "properties": {
                "containerDeleteRetentionPolicy": {
                    "enabled": true,
                    "days": 7
                },
                "cors": {
                    "corsRules": []
                },
                "deleteRetentionPolicy": {
                    "allowPermanentDelete": false,
                    "enabled": true,
                    "days": 7
                }
            }
        },
        {
            "type": "Microsoft.Storage/storageAccounts/fileServices",
            "apiVersion": "2025-01-01",
            "name": "[concat(parameters('storageAccounts_storagexitao_name'), '/default')]",
            "dependsOn": [
                "[resourceId('Microsoft.Storage/storageAccounts', parameters('storageAccounts_storagexitao_name'))]"
            ],
            "sku": {
                "name": "Standard_LRS",
                "tier": "Standard"
            },
            "properties": {
                "protocolSettings": {
                    "smb": {}
                },
                "cors": {
                    "corsRules": []
                },
                "shareDeleteRetentionPolicy": {
                    "enabled": true,
                    "days": 7
                }
            }
        },
        {
            "type": "Microsoft.Storage/storageAccounts/queueServices",
            "apiVersion": "2025-01-01",
            "name": "[concat(parameters('storageAccounts_storagexitao_name'), '/default')]",
            "dependsOn": [
                "[resourceId('Microsoft.Storage/storageAccounts', parameters('storageAccounts_storagexitao_name'))]"
            ],
            "properties": {
                "cors": {
                    "corsRules": []
                }
            }
        },
        {
            "type": "Microsoft.Storage/storageAccounts/tableServices",
            "apiVersion": "2025-01-01",
            "name": "[concat(parameters('storageAccounts_storagexitao_name'), '/default')]",
            "dependsOn": [
                "[resourceId('Microsoft.Storage/storageAccounts', parameters('storageAccounts_storagexitao_name'))]"
            ],
            "properties": {
                "cors": {
                    "corsRules": []
                }
            }
        },
        {
            "type": "Microsoft.Compute/virtualMachines",
            "apiVersion": "2024-11-01",
            "name": "[parameters('virtualMachines_conjuntovms_4866c1fd_name')]",
            "location": "westus",
            "dependsOn": [
                "[resourceId('Microsoft.Compute/virtualMachineScaleSets', parameters('virtualMachineScaleSets_conjuntovms_name'))]",
                "[resourceId('Microsoft.Network/networkInterfaces', parameters('networkInterfaces_vnet_westus_1_nic01_8818fe2e_name'))]"
            ],
            "tags": {
                "VirtualMachineProfileTimeCreated": "7/30/2025 12:40:30 PM +00:00"
            },
            "properties": {
                "hardwareProfile": {
                    "vmSize": "Standard_B1s"
                },
                "virtualMachineScaleSet": {
                    "id": "[resourceId('Microsoft.Compute/virtualMachineScaleSets', parameters('virtualMachineScaleSets_conjuntovms_name'))]"
                },
                "additionalCapabilities": {
                    "hibernationEnabled": false
                },
                "storageProfile": {
                    "imageReference": {
                        "publisher": "MicrosoftWindowsServer",
                        "offer": "WindowsServer",
                        "sku": "2016-datacenter-gensecond",
                        "version": "latest"
                    },
                    "osDisk": {
                        "osType": "Windows",
                        "name": "[concat(parameters('virtualMachines_conjuntovms_4866c1fd_name'), '_OsDisk_1_8e74c4c4eecf409991e8c87f346223f7')]",
                        "createOption": "FromImage",
                        "caching": "ReadWrite",
                        "managedDisk": {
                            "storageAccountType": "Standard_LRS",
                            "id": "[resourceId('Microsoft.Compute/disks', concat(parameters('virtualMachines_conjuntovms_4866c1fd_name'), '_OsDisk_1_8e74c4c4eecf409991e8c87f346223f7'))]"
                        },
                        "deleteOption": "Delete",
                        "diskSizeGB": 127
                    },
                    "dataDisks": [],
                    "diskControllerType": "SCSI"
                },
                "osProfile": {
                    "computerName": "conjuntovK373ST",
                    "adminUsername": "administrador",
                    "windowsConfiguration": {
                        "provisionVMAgent": true,
                        "enableAutomaticUpdates": true,
                        "patchSettings": {
                            "patchMode": "AutomaticByOS",
                            "assessmentMode": "ImageDefault",
                            "enableHotpatching": false
                        }
                    },
                    "secrets": [],
                    "allowExtensionOperations": true,
                    "requireGuestProvisionSignal": true
                },
                "securityProfile": {
                    "uefiSettings": {
                        "secureBootEnabled": true,
                        "vTpmEnabled": true
                    },
                    "securityType": "TrustedLaunch"
                },
                "networkProfile": {
                    "networkInterfaces": [
                        {
                            "id": "[resourceId('Microsoft.Network/networkInterfaces', parameters('networkInterfaces_vnet_westus_1_nic01_8818fe2e_name'))]",
                            "properties": {
                                "primary": true,
                                "deleteOption": "Delete"
                            }
                        }
                    ]
                },
                "diagnosticsProfile": {
                    "bootDiagnostics": {
                        "enabled": true
                    }
                }
            }
        },
        {
            "type": "Microsoft.Compute/virtualMachines",
            "apiVersion": "2024-11-01",
            "name": "[parameters('virtualMachines_conjuntovms_6756739b_name')]",
            "location": "westus",
            "dependsOn": [
                "[resourceId('Microsoft.Compute/virtualMachineScaleSets', parameters('virtualMachineScaleSets_conjuntovms_name'))]",
                "[resourceId('Microsoft.Network/networkInterfaces', parameters('networkInterfaces_vnet_westus_1_nic01_3954bbfe_name'))]"
            ],
            "tags": {
                "VirtualMachineProfileTimeCreated": "7/30/2025 12:40:30 PM +00:00"
            },
            "properties": {
                "hardwareProfile": {
                    "vmSize": "Standard_B1s"
                },
                "virtualMachineScaleSet": {
                    "id": "[resourceId('Microsoft.Compute/virtualMachineScaleSets', parameters('virtualMachineScaleSets_conjuntovms_name'))]"
                },
                "additionalCapabilities": {
                    "hibernationEnabled": false
                },
                "storageProfile": {
                    "imageReference": {
                        "publisher": "MicrosoftWindowsServer",
                        "offer": "WindowsServer",
                        "sku": "2016-datacenter-gensecond",
                        "version": "latest"
                    },
                    "osDisk": {
                        "osType": "Windows",
                        "name": "[concat(parameters('virtualMachines_conjuntovms_6756739b_name'), '_OsDisk_1_c4ccc3a3207142c7968ea5c5fbf7f720')]",
                        "createOption": "FromImage",
                        "caching": "ReadWrite",
                        "managedDisk": {
                            "storageAccountType": "Standard_LRS",
                            "id": "[resourceId('Microsoft.Compute/disks', concat(parameters('virtualMachines_conjuntovms_6756739b_name'), '_OsDisk_1_c4ccc3a3207142c7968ea5c5fbf7f720'))]"
                        },
                        "deleteOption": "Delete",
                        "diskSizeGB": 127
                    },
                    "dataDisks": [],
                    "diskControllerType": "SCSI"
                },
                "osProfile": {
                    "computerName": "conjuntovSO7M3F",
                    "adminUsername": "administrador",
                    "windowsConfiguration": {
                        "provisionVMAgent": true,
                        "enableAutomaticUpdates": true,
                        "patchSettings": {
                            "patchMode": "AutomaticByOS",
                            "assessmentMode": "ImageDefault",
                            "enableHotpatching": false
                        }
                    },
                    "secrets": [],
                    "allowExtensionOperations": true,
                    "requireGuestProvisionSignal": true
                },
                "securityProfile": {
                    "uefiSettings": {
                        "secureBootEnabled": true,
                        "vTpmEnabled": true
                    },
                    "securityType": "TrustedLaunch"
                },
                "networkProfile": {
                    "networkInterfaces": [
                        {
                            "id": "[resourceId('Microsoft.Network/networkInterfaces', parameters('networkInterfaces_vnet_westus_1_nic01_3954bbfe_name'))]",
                            "properties": {
                                "primary": true,
                                "deleteOption": "Delete"
                            }
                        }
                    ]
                },
                "diagnosticsProfile": {
                    "bootDiagnostics": {
                        "enabled": true
                    }
                }
            }
        },
        {
            "type": "Microsoft.Compute/virtualMachineScaleSets",
            "apiVersion": "2024-11-01",
            "name": "[parameters('virtualMachineScaleSets_conjuntovms_name')]",
            "location": "westus",
            "dependsOn": [
                "[resourceId('Microsoft.Network/virtualNetworks/subnets', parameters('virtualNetworks_vnet_westus_1_name'), 'snet-westus-1')]",
                "[resourceId('Microsoft.Network/networkSecurityGroups', parameters('networkSecurityGroups_basicNsgvnet_westus_1_nic01_name'))]"
            ],
            "sku": {
                "name": "Standard_B1s",
                "tier": "Standard",
                "capacity": 2
            },
            "properties": {
                "singlePlacementGroup": false,
                "orchestrationMode": "Flexible",
                "upgradePolicy": {
                    "mode": "Manual"
                },
                "scaleInPolicy": {
                    "rules": [
                        "Default"
                    ],
                    "forceDeletion": false
                },
                "virtualMachineProfile": {
                    "osProfile": {
                        "computerNamePrefix": "conjuntov",
                        "adminUsername": "administrador",
                        "windowsConfiguration": {
                            "provisionVMAgent": true,
                            "enableAutomaticUpdates": true,
                            "patchSettings": {
                                "patchMode": "AutomaticByOS",
                                "assessmentMode": "ImageDefault",
                                "enableHotpatching": false
                            }
                        },
                        "secrets": [],
                        "allowExtensionOperations": true,
                        "requireGuestProvisionSignal": true
                    },
                    "storageProfile": {
                        "osDisk": {
                            "osType": "Windows",
                            "createOption": "FromImage",
                            "caching": "ReadWrite",
                            "managedDisk": {
                                "storageAccountType": "Standard_LRS"
                            },
                            "deleteOption": "Delete",
                            "diskSizeGB": 127
                        },
                        "imageReference": {
                            "publisher": "MicrosoftWindowsServer",
                            "offer": "WindowsServer",
                            "sku": "2016-datacenter-gensecond",
                            "version": "latest"
                        },
                        "diskControllerType": "SCSI"
                    },
                    "networkProfile": {
                        "networkApiVersion": "2020-11-01",
                        "networkInterfaceConfigurations": [
                            {
                                "name": "vnet-westus-1-nic01",
                                "properties": {
                                    "primary": true,
                                    "enableAcceleratedNetworking": false,
                                    "disableTcpStateTracking": false,
                                    "enableIPForwarding": false,
                                    "auxiliaryMode": "None",
                                    "auxiliarySku": "None",
                                    "deleteOption": "Delete",
                                    "ipConfigurations": [
                                        {
                                            "name": "vnet-westus-1-nic01-defaultIpConfiguration",
                                            "properties": {
                                                "privateIPAddressVersion": "IPv4",
                                                "subnet": {
                                                    "id": "[resourceId('Microsoft.Network/virtualNetworks/subnets', parameters('virtualNetworks_vnet_westus_1_name'), 'snet-westus-1')]"
                                                },
                                                "primary": true,
                                                "publicIPAddressConfiguration": {
                                                    "name": "publicIp-vnet-westus-1-nic01",
                                                    "properties": {
                                                        "idleTimeoutInMinutes": 15,
                                                        "ipTags": [],
                                                        "publicIPAddressVersion": "IPv4"
                                                    }
                                                },
                                                "applicationSecurityGroups": [],
                                                "loadBalancerBackendAddressPools": [],
                                                "applicationGatewayBackendAddressPools": []
                                            }
                                        }
                                    ],
                                    "networkSecurityGroup": {
                                        "id": "[resourceId('Microsoft.Network/networkSecurityGroups', parameters('networkSecurityGroups_basicNsgvnet_westus_1_nic01_name'))]"
                                    },
                                    "dnsSettings": {
                                        "dnsServers": []
                                    }
                                }
                            }
                        ]
                    },
                    "diagnosticsProfile": {
                        "bootDiagnostics": {
                            "enabled": true
                        }
                    },
                    "extensionProfile": {
                        "extensions": []
                    },
                    "securityProfile": {
                        "uefiSettings": {
                            "secureBootEnabled": true,
                            "vTpmEnabled": true
                        },
                        "securityType": "TrustedLaunch"
                    }
                },
                "additionalCapabilities": {
                    "hibernationEnabled": false
                },
                "platformFaultDomainCount": 1,
                "constrainedMaximumCapacity": false
            }
        },
        {
            "type": "Microsoft.Network/virtualNetworks/virtualNetworkPeerings",
            "apiVersion": "2024-07-01",
            "name": "[concat(parameters('virtualNetworks_srvxitao_vnet_name'), '/link')]",
            "dependsOn": [
                "[resourceId('Microsoft.Network/virtualNetworks', parameters('virtualNetworks_srvxitao_vnet_name'))]",
                "[resourceId('Microsoft.Network/virtualNetworks', parameters('virtualNetworks_vnet_westus_name'))]"
            ],
            "properties": {
                "peeringState": "Connected",
                "peeringSyncLevel": "FullyInSync",
                "remoteVirtualNetwork": {
                    "id": "[resourceId('Microsoft.Network/virtualNetworks', parameters('virtualNetworks_vnet_westus_name'))]"
                },
                "allowVirtualNetworkAccess": true,
                "allowForwardedTraffic": false,
                "allowGatewayTransit": false,
                "useRemoteGateways": false,
                "doNotVerifyRemoteGateways": false,
                "peerCompleteVnets": true,
                "remoteAddressSpace": {
                    "addressPrefixes": [
                        "172.16.0.0/16"
                    ]
                },
                "remoteVirtualNetworkAddressSpace": {
                    "addressPrefixes": [
                        "172.16.0.0/16"
                    ]
                }
            }
        },
        {
            "type": "Microsoft.Network/virtualNetworks/virtualNetworkPeerings",
            "apiVersion": "2024-07-01",
            "name": "[concat(parameters('virtualNetworks_vnet_westus_name'), '/peeringvnet')]",
            "dependsOn": [
                "[resourceId('Microsoft.Network/virtualNetworks', parameters('virtualNetworks_vnet_westus_name'))]",
                "[resourceId('Microsoft.Network/virtualNetworks', parameters('virtualNetworks_srvxitao_vnet_name'))]"
            ],
            "properties": {
                "peeringState": "Connected",
                "peeringSyncLevel": "FullyInSync",
                "remoteVirtualNetwork": {
                    "id": "[resourceId('Microsoft.Network/virtualNetworks', parameters('virtualNetworks_srvxitao_vnet_name'))]"
                },
                "allowVirtualNetworkAccess": true,
                "allowForwardedTraffic": true,
                "allowGatewayTransit": false,
                "useRemoteGateways": false,
                "doNotVerifyRemoteGateways": false,
                "peerCompleteVnets": true,
                "remoteAddressSpace": {
                    "addressPrefixes": [
                        "10.0.0.0/16"
                    ]
                },
                "remoteVirtualNetworkAddressSpace": {
                    "addressPrefixes": [
                        "10.0.0.0/16"
                    ]
                }
            }
        },
        {
            "type": "Microsoft.Network/networkInterfaces",
            "apiVersion": "2024-07-01",
            "name": "[parameters('networkInterfaces_srvxitao940_name')]",
            "location": "westus",
            "dependsOn": [
                "[resourceId('Microsoft.Network/publicIPAddresses', parameters('publicIPAddresses_srvxitao_ip_name'))]",
                "[resourceId('Microsoft.Network/virtualNetworks/subnets', parameters('virtualNetworks_srvxitao_vnet_name'), 'default')]",
                "[resourceId('Microsoft.Network/networkSecurityGroups', parameters('networkSecurityGroups_srvxitao_nsg_name'))]"
            ],
            "kind": "Regular",
            "properties": {
                "ipConfigurations": [
                    {
                        "name": "ipconfig1",
                        "id": "[concat(resourceId('Microsoft.Network/networkInterfaces', parameters('networkInterfaces_srvxitao940_name')), '/ipConfigurations/ipconfig1')]",
                        "type": "Microsoft.Network/networkInterfaces/ipConfigurations",
                        "properties": {
                            "privateIPAddress": "10.0.0.4",
                            "privateIPAllocationMethod": "Dynamic",
                            "publicIPAddress": {
                                "id": "[resourceId('Microsoft.Network/publicIPAddresses', parameters('publicIPAddresses_srvxitao_ip_name'))]",
                                "properties": {
                                    "deleteOption": "Delete"
                                }
                            },
                            "subnet": {
                                "id": "[resourceId('Microsoft.Network/virtualNetworks/subnets', parameters('virtualNetworks_srvxitao_vnet_name'), 'default')]"
                            },
                            "primary": true,
                            "privateIPAddressVersion": "IPv4"
                        }
                    }
                ],
                "dnsSettings": {
                    "dnsServers": []
                },
                "enableIPForwarding": false,
                "disableTcpStateTracking": false,
                "networkSecurityGroup": {
                    "id": "[resourceId('Microsoft.Network/networkSecurityGroups', parameters('networkSecurityGroups_srvxitao_nsg_name'))]"
                },
                "nicType": "Standard",
                "auxiliaryMode": "None",
                "auxiliarySku": "None"
            }
        },
        {
            "type": "Microsoft.Network/networkInterfaces",
            "apiVersion": "2024-07-01",
            "name": "[parameters('networkInterfaces_vnet_westus_1_nic01_3954bbfe_name')]",
            "location": "westus",
            "dependsOn": [
                "[resourceId('Microsoft.Network/publicIPAddresses', parameters('publicIPAddresses_publicIp_vnet_westus_1_nic01_3954bbfe_name'))]",
                "[resourceId('Microsoft.Network/virtualNetworks/subnets', parameters('virtualNetworks_vnet_westus_1_name'), 'snet-westus-1')]",
                "[resourceId('Microsoft.Network/networkSecurityGroups', parameters('networkSecurityGroups_basicNsgvnet_westus_1_nic01_name'))]"
            ],
            "kind": "Regular",
            "properties": {
                "ipConfigurations": [
                    {
                        "name": "vnet-westus-1-nic01-defaultIpConfiguration",
                        "id": "[concat(resourceId('Microsoft.Network/networkInterfaces', parameters('networkInterfaces_vnet_westus_1_nic01_3954bbfe_name')), '/ipConfigurations/vnet-westus-1-nic01-defaultIpConfiguration')]",
                        "type": "Microsoft.Network/networkInterfaces/ipConfigurations",
                        "properties": {
                            "privateIPAddress": "172.17.0.5",
                            "privateIPAllocationMethod": "Dynamic",
                            "publicIPAddress": {
                                "id": "[resourceId('Microsoft.Network/publicIPAddresses', parameters('publicIPAddresses_publicIp_vnet_westus_1_nic01_3954bbfe_name'))]",
                                "properties": {
                                    "deleteOption": "Delete"
                                }
                            },
                            "subnet": {
                                "id": "[resourceId('Microsoft.Network/virtualNetworks/subnets', parameters('virtualNetworks_vnet_westus_1_name'), 'snet-westus-1')]"
                            },
                            "primary": true,
                            "privateIPAddressVersion": "IPv4"
                        }
                    }
                ],
                "dnsSettings": {
                    "dnsServers": []
                },
                "enableAcceleratedNetworking": false,
                "enableIPForwarding": false,
                "disableTcpStateTracking": false,
                "networkSecurityGroup": {
                    "id": "[resourceId('Microsoft.Network/networkSecurityGroups', parameters('networkSecurityGroups_basicNsgvnet_westus_1_nic01_name'))]"
                },
                "nicType": "Standard",
                "auxiliaryMode": "None",
                "auxiliarySku": "None"
            }
        },
        {
            "type": "Microsoft.Network/networkInterfaces",
            "apiVersion": "2024-07-01",
            "name": "[parameters('networkInterfaces_vnet_westus_1_nic01_8818fe2e_name')]",
            "location": "westus",
            "dependsOn": [
                "[resourceId('Microsoft.Network/publicIPAddresses', parameters('publicIPAddresses_publicIp_vnet_westus_1_nic01_8818fe2e_name'))]",
                "[resourceId('Microsoft.Network/virtualNetworks/subnets', parameters('virtualNetworks_vnet_westus_1_name'), 'snet-westus-1')]",
                "[resourceId('Microsoft.Network/networkSecurityGroups', parameters('networkSecurityGroups_basicNsgvnet_westus_1_nic01_name'))]"
            ],
            "kind": "Regular",
            "properties": {
                "ipConfigurations": [
                    {
                        "name": "vnet-westus-1-nic01-defaultIpConfiguration",
                        "id": "[concat(resourceId('Microsoft.Network/networkInterfaces', parameters('networkInterfaces_vnet_westus_1_nic01_8818fe2e_name')), '/ipConfigurations/vnet-westus-1-nic01-defaultIpConfiguration')]",
                        "type": "Microsoft.Network/networkInterfaces/ipConfigurations",
                        "properties": {
                            "privateIPAddress": "172.17.0.4",
                            "privateIPAllocationMethod": "Dynamic",
                            "publicIPAddress": {
                                "id": "[resourceId('Microsoft.Network/publicIPAddresses', parameters('publicIPAddresses_publicIp_vnet_westus_1_nic01_8818fe2e_name'))]",
                                "properties": {
                                    "deleteOption": "Delete"
                                }
                            },
                            "subnet": {
                                "id": "[resourceId('Microsoft.Network/virtualNetworks/subnets', parameters('virtualNetworks_vnet_westus_1_name'), 'snet-westus-1')]"
                            },
                            "primary": true,
                            "privateIPAddressVersion": "IPv4"
                        }
                    }
                ],
                "dnsSettings": {
                    "dnsServers": []
                },
                "enableAcceleratedNetworking": false,
                "enableIPForwarding": false,
                "disableTcpStateTracking": false,
                "networkSecurityGroup": {
                    "id": "[resourceId('Microsoft.Network/networkSecurityGroups', parameters('networkSecurityGroups_basicNsgvnet_westus_1_nic01_name'))]"
                },
                "nicType": "Standard",
                "auxiliaryMode": "None",
                "auxiliarySku": "None"
            }
        }
    ]
}